density	metabolite
0	9.44864085968946
10	-13.0726562289816
20	-3.09990124901823
30	-43.6047984132767
40	-38.1888784062184
50	-66.0903567056339
60	-68.0962254884585
70	-58.0323024175874
80	-43.0079880173628
90	-70.0393653636608
100	-104.625352965692
